post	label	language
#duisburg 4 réfugiés arabes lardent de coups de couteau une ado allemande enceinte de 5 mois qui cru qu’elle p… @url	1	french
@user dit le gauchiste. quand reçoit des menaces de l extrême gauche et voit les millions de dégâts et les… @url	0	french
@user @user @user @user @user comment débattre entre gauchiste sans aucune contradiction	0	french
grèce: les transferts de réfugiés et migrants vers le continent s’accélèrent @url @url	1	french
@user je n'y avais pas pensé mais il peu à nantes des maghrébins ont affronté des #migrants africains.	0	french
@user @user @user ne pas voter c'est donner une voix au lr macron au gauchiste etc	0	french
quand en plus la violence sociale (perte… @url	0	french
@user @user @user personne ne s'attarde sur le fait qu'elles sont plusieurs avoir des batraciens dans l’œsophage ?	0	french
@user je suis pas attardé dans la gare mais dehors ca appelle de partout en effet.	0	french
contre l'immigration et l'islamisation de la france la seul parti qui défend la france c'est le rn (et dlf) @url	1	french
@user de la thune pour les migrants...y de la thune... français d’abord ! pour nos aînés priorité nationale !	0	french
loon plage : une femme violemment agréssée par un groupe de migrants @url	0	french
qu'en pensent les obscurantistes pro-agrochimie pro-développement à outrance anti-écolos et autres climato-scepti… @url	1	french
bien des migrants vivaient aussi dans l'illÉgalitÉ aux États-unis 35 % des migrants illégaux interceptés au québ… @url	0	french
@user les pays arabes n'ont qu'a les accueillir nous n'en veut pas ras le cul	0	french
macron et l’islamisation de la france un plan bien ficelé par l’institut montaigne @url	0	french
@user pour moi l'insignifiance ne mérite pas qu'on s'y attarde!!	0	french
video gaza: voilà ce que les medias appellent manifestations. et d'après vous pourquoi les arabes envoient-ils d… @url	0	french
les renois qui font les gars de la cité et qui courent comme mbappé dés que un chien vous connait #cesoirtribunal	1	french
dans mon équipe à la fac clrmt 20 rebeus/renois sur 600 c chaud	0	french
bah y'a qu'à quand même de très belles phrases si s'y attarde un peu @user @url	0	french
@user @user il fait quoi au juste ce gouvernement? pourquoi il s'attarde sur des futilités alors qu'il de… @url	0	french
@user oui mais là depuis le matin je ne suis pas attardé après le match	0	french
s'imaginer que l'#africain vient en #europe n'est qu'un pur fantasme étant donné que 90% des #migrants africains re… @url	1	french
@user @user @user mr simon vous ne pouvez justifier voir atténuer la violence des propos de mr zemmou… @url	0	french
@user c'est totalement le cas deja essaye de prononcer ca la tele et tu verras c'est un peu comme l'expression gauchiste	1	french
@user @user ptn cette violence de la question mdr	0	french
@user cet attardé mental il même pas un diplôme. donnez son emploi à un chômeur.	1	french
malheureusement en #france un de perdu dix de retrouvés ! #migrants #stopimmigration @url	1	french
pour ceux qui douteraient du caractère complotiste et de l'antisionisme délirant d'abdelrahim ali voici un thread… @url	0	french
si la tuerie #complotiste et #antisémite de #pittsburgh frappe aujourd'hui les #usa n'oublions pas que cette idéol… @url	1	french
tu préfères aller en soirée avec l'autre con de zoonekynd où aller en cours avec l'autre mongol de mahieux? — alex… @url	0	french
@user pourquoi contre les autistes? je trouve ça débile d'en faire une sorte de chose obligatoire mais… @url	0	french
@user @user @user @user c’est juste que d’habitude s’attarde plus sur la couleur de mes fringues	0	french
pour en finir avec la théorie du complot anti-voitures @user @user @url	0	french
dialectique gauchiste intéressante.	0	french
@user @user @user il serait:anti islamisme (anti radicalisme terrorisme extrémisme) ou anti i… @url	0	french
@user oui très bien! mais du coup je ne vois toujours pas la corrélation avec les migrants africains. ^^	0	french
@user ptydttyddtrrtdd un ouf toi tu mprends pour un sale arabe	1	french
les vegans sont-ils contre l'avortement ?	1	french
@url @url @url tu dit de la merde putain de gauchiste @url	0	french
@user @user @user guenolé le gauchiste osé critiquer une des seules réelles féministes honorable e… @url	0	french
nouveau virage à gauche du ps revenu dans l'opposition. après le mandat hollande… faire de l'accueil des migrants… @url	0	french
les renois c'est un délire comment ils dégagent un bail surtout qd ils mettent des durag jvs love	0	french
jsuis vrmt attardé miam	0	french
tu trouves comment physiquement les rebeus ? pas forcément les mecs de tess — craquant de fou @url	0	french
@user dirait un gros daron antillais sur la derniere	0	french
dieu ne s’attarde jamais à combler un besoin extérieur.	0	french
algérie: «les migrants sont beaucoup plus vulnérables maintenant» pour leïla berrato - @url	0	french
est plus grand bien-sûr attardé que je suis à oublié des mots x)	0	french
@user c'est propre à la gauche ce terrorisme intellectuel l'histoire l'a démontré et le montre encore.	1	french
@user c’est de la violence dont vous êtes le produit?	0	french
l'italie adopte une loi pour expulser plus rapidement les migrants @url	0	french
@user @user mec si il gagne pas cobtre liverpool ils st eliminate donc fais pas l’attardé ici	0	french
ce sont plutot les collabos gauchiste qui avaient tourne les yeux de leurs pauvres congeneres causes d'eux des mi @url	1	french
@user ils le prennent pour un attardé ou quoi ptdr	0	french
quand je sors de chez le coiffeur j’suis vraiment le plus beau de tous les rebeus	0	french
les attaques terroristes racistes antimusulmans; ne sont que rarement qualifiées de terrorisme. https:…	0	french
@user @user vos voulez dire que vous soupçonnez @user d'apologie du terrorisme islamique? et… @url	0	french
comment il place sa phase sur « les renois de stamford bridge » pfiou il prend n’importe qui en leuleu	0	french
@user @user je ne renie pas ce que je suis je mange de tout. je mangerai bien du gauchiste bobo mais j'ai… @url	1	french
@user @user yen ils ont du mal capter hein c'est fou	0	french
il est capable de te lâcher un sale arabe ou un sale nègre sous l'effet de la colère au premier degré... j'ai u… @url	1	french
quand je vois que la cagnotte pour aider les enfants réfugiés qui dorment deh…	0	french
« pour réduire les coûts d'une immigration exagérée pour expulser plus rapidement les délinquants et les faux dema… @url	1	french
rt @user tous les potes de clara ils m'appellent ton pote chinois mdr c ouf g pas l'impression de tant ressembler un noich q	1	french
@user @user non ! n'en veut pas de ces migrants économiques ! trop c'est trop . il est plus urgent d… @url	0	french
chez bcp trop d'arabes aussi et ils sont tellement occasionnellement ds mes cercles que la questi…	0	french
la préférence islamiste de la gauche est motivée par le clientélisme mais également par l’anticléricalisme.	0	french
@user l'africanisation et l'islamisation de l'europe c'est l'importation des mœurs qui sont associées. n… @url	1	french
insupportables les rebeus pr ca @url	0	french
@user @user l’islamisation de la france est en marche...financée par les caf. c’est probablement la première… @url	0	french
@user @user @user @user déjà islam= paix le terrorisme c les feuge qu’il utilise… @url	0	french
@user je ne suis pas un gauchiste comme tu le dis. je ne suis jamais considere de gauche. toi tu es... @url	0	french
mur anti-migrants au sahara : l'idée renversante de trump @url	0	french
@user @user j’aimerais bien savoir pourquoi « l’islamogauchiste » est votre ennemi principal et… @url	0	french
@user @user oui il n ya pas de grd remplacement ni de racisme anti blanc ! c tjr arabe noir jeune en s… @url	0	french
j'ai un seul regret mais je m'attarde pas dessus. faut avancer @url	0	french
#migrants #islam #islamisation #islamisme #islam #afrique #immigrants #macron #lrem #fra…	0	french
@user @user le baath c’etait un parti pour tous les arabes avec une variante dans chaque pays (baath irakien sous saddam etc)	0	french
@user c est pas le meme groupe de supporter c est toi le mongol	0	french
@user @user ce qui n'as rien voir avec le fait d'etre en haut de l'echelle alimentaire ou no... @url	0	french
@user @user « nous sommes en france ».... « nous ne sommes pas en afrique » vos propos sont d’un ri… @url	1	french
@user @user la bonne blague. l'esclavage arabo-musulman le terrorisme et l'islamisme c'est déjà pas mal comme dégâts.	1	french
@user @user @user toujours les mêmes poncifs 1) la non violence est une position moral… @url	0	french
top : @user 'bienvenue à #cergy où des migrants africains complètement nus agressent sauvagement les français… @url	1	french
@user @user @user @user en inde bouffe pas de viande car ca fait des g... @url	0	french
@user moi hamdoullah je vis dans un pays africain donc mon prenom va pas deranger mais les gens qui ont du mal a… @url	0	french
@user j’ai été sur place chez mon opérateur ils m’ont y’a rien à faire à part porter plainte pr harcèlement ou changer de numéro	0	french
@user @user vous allez apprendre faire la difference entre un gauchiste comme lula/melenchon et un f... @url	0	french
une renois tu peux pas lui dire tu l'aime bien ou tu la trouve belle psk sinon dans sa tête elle va croire ces bey… @url	1	french
l’inclusion de la diversité ne veut pas dire acquiescer à l’obscurantisme. en refusant de dénoncer l’islam politiqu… @url	0	french
bizzarement y’a que des renois qui m’insultent serai ce les plus grosses putes de l’univers? mdr	1	french
@user @user ben toi aussi te dira de te reconvertir quand pour raison x ou un groupe de d... @url	0	french
le « sale juif » mis en avant contrairement aux autres mdr #lejouroujaibrulemoncoeur	1	french
@user faut passer outre . c'est pareil pour moi je m'y attarde peu ...	0	french
@user l'endoctrinement gauchiste fonctionne plein pot sur des cliches leur pille leurs richesses le... @url	0	french
@user @user fallait pas rêver que quelqu un attarde vendredi... un.petit effort elle sera operat… @url	0	french
@user surtout les arabes. ils sont parfait pour le sport en plus ce sont des  buveurs de vent avec leurs… @url	1	french
@user hsksjsh ouais pourquoi pas mais bon les renois ils sont 3ème dans mon classement	0	french
@user @user ah ben cest difficile quand connait que les smartphones le beton et les immeubles	0	french
@user @user exterminer pour ne pas les faire souffrir. ca rappelle la deuxieme guerre mondiale ca	0	french
@user j’avoue souffre trop nous étudiants renois. force à toi est ensemble !!! @url	0	french
@user surtout les noirs et les arabes au pire ils auront leur entretien mais qd le mec verra leur tête à ce m… @url	0	french
pour être considéré militant antiracisme il faut faire seulement deux choses :	0	french
elle parlait sa pote et lui dit c'est un renoi.. ah… @url	0	french
le gauchiste francais veut resoudre les problemes du monde defaut de resoudre les problemes chez lui ...donneur @url	0	french
@user @user @user @user @user juste un gauchiste toujours à donner des leçons de morale	0	french
si zemmour disait la vérité  le terrorisme se réclame de l'islam il n'aurait pas pu finir sa phrase. onpc se couc… @url	0	french
allez nique ta mère sale juif @url	1	french
quand la steppe est trop grande c'est le vent qui porte les nouvelles  proverbe mongol daté d'avant twitter....	0	french
@user @user @user non mais le gauchiste est très long dans la compromette...	0	french
les renois et leurs flow c'est tellement une douceur pour les yeux :))	0	french
@user @user le négationnisme du racisme anti-blanc de l'islamo-gauchiste @user la même argume… @url	1	french
@user @user @user l'islam interdit formellement le terrorisme. ceux qui connaissent l'histoi… @url	0	french
gâteaux rebeus : étape 1 @url	1	french
@user @user @user fin du game je m’attarde pas avec des gens qui parle sans savoir merci au r… @url	0	french
le sénateur pillon est contre l’avortement contre le mariage gay contre le divorce et contre les pensions aliment… @url	1	french
non ! n'en veut pas de ces migrants économiques ! trop c'est trop . il est plus urgent d'imposer des mesures dr… @url	0	french
t’es le passe temps des rebeu sale meuf sait que t’aime les arabes — tjrs l’affût du moindre de mes tweets toi… @url	0	french
@user @user l’islamisation en marche ! la pauvreté généralisée partout en france.	1	french
les rebeus que je ne connais ni d’Ève ni d’adam (oui expression de vieille) arrêtez de rajouter sur fb ça n’arr… @url	1	french
@user oui j'suis gentille moi je m'attarde pas sur le physique	0	french
@user @user @user @user @user gros j'en ai marre que les renois cherche du regard a… @url	0	french
l'islamisation de la france en pleine expansionle résultat de l'infiltration des musulmans ds ts les strates de la… @url	0	french
vos renois d’1m95 110kg qui lâchent des tweets fruités dirait makassy	0	french
flm des meufs attardé qui ce tartine tt l’es matin	0	french
@user @user ce n'est pas une théorie du complot. c'est peut-être récupéré par les fachos mais l'éc… @url	0	french
@user @user @user la bonne pote gauchiste de chirio	0	french
qué mongol ce germain il court jusqu’au champs Élysée au lieu de rester placé devant les cages	0	french
quand des experts arabes éclairent l'islam du xxème siècle &gt; dirigé par #arabiesaoudite + épuration la mecque nou… @url	0	french
@user ptdrrr merci gauchiste pref	0	french
@user @user @user ben exactement	0	french
il n'y pas d'islamisation de la france.	1	french
@user je vous le demande faites en sortes de bloquer l'argent volé aux africains qui est caché dans vos b… @url	0	french
l'attardé de medelin qui tue le match	0	french
il dit ça en faisant valoir le vocabulaire de la gauche attardé qui nous entoure depuis tant d'années.	0	french
les migrants ne gagnent/reçoivent pas davantage de l'état que les p… @url	0	french
@user @user l’islam valide le terrorisme et ne s’y oppose pas ce que fait daesh n’est absolument pas e… @url	1	french
@user app de mongol	1	french
@user @user selon toi doit laisser les enfants se traiter l'autre de sale arabe ou de sale blanche ? drôle d'éducation	1	french
s'attarde trop sur le côté médical avec les hôtes	0	french
et... quelques autres clips sur lesquels il faut que je m'attarde un peu plus. x)	0	french
@user @user tout comme le terrorisme car l'islam est une religion qui prône la paix. le prophète sallah… @url	0	french
t’aime pas les meufs renois ? — bah pourquoi je les aimerai pas ? @url	1	french
@user hahaha mais en même temps la cisphobie n'existe pas donc il pourra jamais comprendre vraiment ce que ça fait ?	0	french
le nouvel eldorado des rebeus c plus le trading mtn c'est l'aéroport	1	french
@user @user tout à fait d'accord pour summoning! comme ca s'attarde sur le côté sombre du seigne… @url	0	french
@user @user le chercheur qui diriger cette etude que tu n'as sans doute pas lu precise bie... @url	0	french
d’où sont originaires la plupart des #réfugiés ? les deux tiers des réfugiés proviennent de cinq pays seulement :… @url	0	french
@user @user donc en fait pour proteger les especes animales vous les condamnez l'extinction... @url	0	french
@user @user @user machin à lunettes va se faire une fois ramasser par des migrants et il pleurera. fran… @url	0	french
rt @user @user @user zohra madame est une islamo gauchiste ils ne rigolent que des blancs asservis et des dhimmis	0	french
dc en fait au ils n'ont tjrs légalisé l'avortement ça reste un sujet tabou. par contre ça fait 4ans qu'on appren… @url	0	french
pour ça heureusement j’ai mon côté italien qui sauve les rebeus entre nous c trop grave @url	1	french
@user @user un peu trop de violence à mon goût	0	french
j'suis pas un gauchiste mais la il 100% raison. c'est inadmissible @user les poissons ont besoin de plus @url	0	french
migraction 59 en faveur des migrants de calais @url via @user	1	french
@user @user @user et vous vous êtes contres la pma pour tout le monde et contre l’avortement. el… @url	0	french
les renois vous abusez à tomber au milieu de la piste de bowling	1	french
en tout cas les mariages renois c'est vraiment les meilleurs	0	french
déjà d’où tu te permet de venir traiter ? et alors je préfère les renois toi c’est quoi ton soucis ? c’est inter… @url	0	french
t’as vla les potes renois pour un rebeu — mdr ça veut dire quoi ça est tous pareil gros @url	0	french
@user si vous arrivez m'expliquer ce qu'est l'extreme droite sans les lieux communs et la propagande gauchiste ca m...interesse	0	french
@user @user @user les arabes empruntent le zéro aux indiens au ix eme siècle !!!	0	french
ceux qui sont contre l'avortement sont ceux-là mêmes qui sont pour la peine de mort	1	french
@user sale arabe arrête d'envahir nos pays violer nos filles et voler notre travaille !	1	french
@user @user le terrorisme intellectuel serait ici de dire : « définition décoloniale du racisme est exclus… @url	0	french
j'adore voir la eternalfreedom si prompt à défendre les palestiniens avec ses copains rebeus et qui se retrouve bie… @url	0	french
c'est moi attardé ! je suis tombé !	1	french
@user j'aime pas la violence	0	french
@user @user le bobo citadin pleure parce qu'1 vache va finir en steak dans nos assiettesil s... @url	0	french
1 - que des prénoms arabes.	1	french
manœuvre gauchiste habituelle : @user essaye de détourner l'attention portée sur #nickconrad en utilisant… @url	1	french
t’piétine ta mère pour un « sale noir sale arabe »	1	french
@user j’avais vu ça dans une de tes vidéos déjà mais j’m’y était pas attardé c’est futbin de pes en fait mais en mieux :p	0	french
@user c’est comme si tu disais islam =terrorisme	0	french
marine le pen au pouvoir pour fermer les frontières expulser tous les clandestins les migrants retirer les papiers… @url	0	french
@user @user @user et dites aussi vive le front national pendant que vous etes ! c'est une... @url	0	french
y’a que sur twitter que les noirs font du bruit par allah dehors jamais vu un noir dire sale arabe ou l’inverse hein	1	french
liverpool l’islam le psg le terrorisme fuck nasser	1	french
voilà ce qui se passe aujourd'hui dans nos forêts françaises la violence à l'état pur ! les bou…	0	french
ce n’est pas tous les renois qui suivent son raisonnement ne l’insulte pas tu perds des hassanets pour rien @url	0	french
dégoût dégoût dégoût. mais il faut accueillir les migrants africains alors qu' ils ont des richesses et pourrai… @url	1	french
rt @user meilleure amie sort avec un enfant attarde qui aime la neige...  @url	0	french
aubenas (07) : manifestation en soutien aux migrants ce samedi 22 septembre 2018 à partir de 9h sur la place du mar… @url	0	french
nous les noirs les rebeus veut tous les éradiquer…	1	french
@user @user ils sous entend que les bobo gauchiste dont il parle sont tous des islamo-gauchiste des gens… @url	0	french
pourquoi les marocaines et les renois au pays bas elles sont toujours belles? injustice @url	0	french
@user une féministe qui te parle d'irl.	0	french
@user ça change pas que qd mm un mongol	0	french
@user @user c...est vrai que les anchois sont aller sur la lune et invente de million de technologie !	0	french
@user Être de gauche voir gauchiste n'est pas un crime non plus.	0	french
@user mdr personnellement je ne m’attarde pas next directe.	0	french
@user tu sauras que ca s'appelle la chaine alimentaire apprend ca l'ecole	0	french
@user @user @user s'il l'a fait c'est pour ton bien. le gauchiste sait ce qui est bon pour toi.	1	french
@user @user un gauchiste qui préfère essayer de récupérer les dernières voies des socialistes en fe… @url	0	french
@user est quand même sur l'équivalent les boulangers vous expliquent pourquoi ils sont contre l'avortement… @url	0	french
des noirs au milieu des rebeus pour la technique c’est mon lyon ça @url	1	french
rt @user fort interessant que ce soit gauchiste que de faire payer les pollueurs pour la pollution que leurs industries produisent	0	french
@user @user @user non je préfère juste que tu arrêtes d'employer ton vocabulaire de gauchiste (c… @url	0	french
@user @user un lion ne mange pas que de la viande meme si c...est l...essentiel pour lui. donc cal... @url	0	french
@user @user alors deja ton ecriture pas francaise comprend rien. ensuite les meufs ca s'epile. e... @url	0	french
@user @user ni arabe ni noir ni musulmans ... cela ne peut pas être un acte terroriste mais une fusillade anti… @url	0	french
hier j'ai fini la saison 1 de punisher. je crois que je n'ai jamais vu autant de violence dans une série ou un… @url	0	french
#muslims #islamisation #grandremplacement… @url	1	french
@user ptddrr aym t'rappel du renois qui voulait nous vendre des faux. il s'appelait martine le batard @url	0	french
bon apres jsuis content que jai fais ca mtn jle referai plus mais ptdrrrr jsuis quel genre de mongol	0	french
avant la prison le point commun entre les terroristes c’est l’islam.	0	french
@user @user mdr sa ces les excuses prend le train et viens j’ai le temps m’attarde avec un minus de 16… @url	0	french
zizou ce sale arabe je le déteste c’est pas possible il se prends pour un influencer ou je ne sais quoi espèce de s… @url	1	french
@user lis surtout les papiers signés par @user @user et philippe leclercq. ne t'attarde p… @url	0	french
la seule différence que j'ai trouvé entre rich kid et famous dex c'est que famous dex est attardé sinon c'est la même merde	0	french
les renois et les rebeus qui créent la division entre les communautés devrait vous enfermer dans des goulags	1	french
alors naulleau debarque ? finie la posture de gauchiste intraitable ouvert sur la diversite culturelle et incap @url	0	french
@user oui et ne veut pas non plus des migrants islamo-africains !	1	french
@user oui c est vrai... les lyonnais ne sont pas racistes ils aiment bien les arabes regardez...@url	0	french
pour votre information bande de sale putes de #ede le mot marabout est un mot d'origine arabe et maraboutée est un… @url	0	french
@user @user @user alors que dans les pays occidentaux est tres friand de viande... @url	0	french
@user la logique des religieux : contre le droit à l’avortement mais contre la pma : « on veut que les enfan… @url	0	french
les #lrem et les gauchiste se défoulent sur @user qui ose parler de l'immigration comme un problème..	0	french
@user @user vous êtes justement l'esclave d'un terrorisme intellectuel communisme m'attaqué sous l… @url	0	french
c quoi ton type de mec — les rebeus @url	0	french
@user @user juste avec la bio du mec peut voir que c'est un gauchiste (in)soumis	0	french
c'est tres classique qu'apres une periode gauchiste un redressement s'effectue d'autant plus violent que la period @url	0	french
genre jai envoye seance dmuscu sur snap un gar dit ta mere sale arabe avc ton vieux chanteur en parlant de ch… @url	1	french
jviens de tomber sur un compte twitter c'est insane putain le mec c'est un attarde avec un balais sur la tete avec @url	0	french
la légende des darons renois en boîte est bel et bien vraie	0	french
dakar : des militaires français impliqués dans une rixe @url @user @url	0	french
@user @user @user ah ben si tu les méprise ça se voit sinon tu te battrais pas contre l’avortement.	0	french
@user @user @user suppression partiele de l isf (comme disait sarkozy-fillon un impot gauchiste st... @url	0	french
@user les rebeus soins comme nous	0	french
@user la lecture de ceci interroge grandement pour elle l’alcool est une des complications de la violence fa… @url	0	french
@user @user @user @user il des espece qui ce retrouve pas dans la nature et sans... @url	0	french
@user @user comme vous n'êtes pas juif vous êtes con et sale.	1	french
franchement j'ai regarder des reportage sur les renois qui vivent en corée ils tiennent pas du tout le même discour… @url	0	french
@user vive les rebeus @url	0	french
@user du coup pour l’attarde c’est celui qui émet un jugement ou celui qui juge sans avoir vu	0	french
@user @user @user peut aussi dire qu'on est totalement menacé de submersion invasion is… @url	0	french
: [@user @user le rapeur en cause qui le fils d'un migrant exactement les même droits il même bén… @url	0	french
violence domestique et femmes spirituelles: la violence domestique n’est généralement pas… @url	0	french
@user @user qu'est-ce qu'il ne faut pas lire franchement	0	french
« 3 milliard d'homme sur terre et tu t'attarde sur quelqu'un d'indeci » j’avoue pas mal celle-là..	0	french
est pas obligé d'être d'accord avec tout ce que dit @user mais «l'antisémitisme ce n'est pas que de l'hos… @url	0	french
ptdrrrr le sale arabe @url	0	french
l'attardé de moroni	0	french
@user @user @user elle permis en effet la reconnaissance du droit à l'#avortement le droit à l'… @url	0	french
@user @user @user mais c est l hiver putain!fait froid!	0	french
y’a deux renois elle sont venu s’asseoir juste à côté de moi alors que le train est vide wesh c quoi lprobleme	0	french
je viens de découvrir le mode nuit de twitter je suis vraiment une attardé	1	french
ensemble luttons contre les violences dans nos communautés	0	french
@user @user tant d'imbéciles ne réalisent pas à quel point l'invasion arabo-musulmane de l'europe peut être dangereuse.	1	french
putain de filous de renois qui conspirent à se faire insulter sur la place publique	0	french
et ça ce sont les entrées légales. les migrants viennent en plus. @url	0	french
@user je vois donc être contre l'avortement c'est être contre la liberté de la femme ? cela n'a aucun rapport… @url	0	french
@user les arabes reprochent mr messiha d'être un peu trop occidental dans son pays o_o si ça c'est pas du… @url	0	french
c'est quoi un bobo gauchiste — un mec qui se relaxe devant quotidien qui écoute du « jul » seulement pour se donne… @url	0	french
@user @user @user @user ah oui exact j...avais pas compris ton premier tweet 	0	french
@user @user @user Être musulman ne veut pas dire favoriser le terrorisme comme etre catho ne ve… @url	0	french
de toutes façons ça ne s'arretera jamais. chacun cherche le meilleur pour lui et il aura toujours des migrants.… @url	0	french
@user @user @user je m'attarde cependant quelque peu : et si vous laissiez les gens se faire leur pro… @url	0	french
40 années de laxisme gauchiste !!!! @url	1	french
@user brefffffffffff je m’attarde plus psq vous aller rester sur votre point de vue et moi sur le mien donc au revoir	1	french
@user @user regarde moi c’est les reubeux d’autres c’est les renois par contre blanc jsp mais ça dépend grave des meufs	0	french
moi j'ai personne à qui m'adresser pour réclamer. le voisin c'est un attardé puant et bruyant dans les administrat… @url	1	french
lol é de mongol #pas	0	french
#hapsatousy - #zemmour ou la parfaite illustration de ce que dénonce #zemmour : l'hystérie la dictature le terror… @url	1	french
feuilleton bêtisier (3)cohn bendit parlant de jlm un complotiste anti macronien normal vu sa formation trotzkiste… @url	1	french
@user @user je suis végétarienne et n'adhère pas à cette violence fait par le mouvement vegan chacun doit être libre respect svp	0	french
@user @user @user @user ah d’accord donc si t’es pas renoi ou rebeu tu ne peux pas donner… @url	0	french
quand demande un gauchiste d'argumenter  @url	0	french
bien des migrants vivaient aussi dans l'illégalité aux États-unis @url	0	french
@user @user d'accord le gauchiste.	0	french
@user les balkaniques font tout par la violence et la sauvagerie. ces peuples n'auront jamais la paix int… @url	1	french
journaliste extrapole encore «  voit qu’e.macron ne s’attarde pas sûrement de peur de se faire interpeller sur l… @url	0	french
etes-vous d’accord avec bernard kouchner qui dit que « nous devrions prendre plus de migrants » @url	0	french
@user mediapart islamo - gauchiste ? c est le titre la plenel ou j ai mal compris ?	0	french
@user jc pa jc juste que les anciens que jconnais les rebeux c raciste renois alr que ls anciens renois ils sen foutent	0	french
@user @user des petits gestes tout petits gestes	0	french
@user @user @user @user @user @user deformation bobo gauchiste... pa... @url	0	french
même en étant gauchiste pro migrants j'aurais baillé en lisant c…	0	french
@user mais encore ? un jour il faudra faire une étude sociologique sur le tropisme gauchiste / socialiste… @url	0	french
donc là vient vraiment de sortir dans la rue « t’es raciste sale arabe? » ? grenoble c épatant	1	french
nous savons tous que le terrorisme est politique et n rien avoir avec l islam	0	french
@user une cargaison de migrants de l aquarius ou autre payee' 14 000 euros minimum et vous macron soros v… @url	0	french
y'a une meuf dans classe elle se pleins du racisme envers les arabes mais taleur elle traiter un asiatique de... @url	0	french
@user mêler islam et violence de manière systémique voilà le but... qu ils utilisent le terme terrorisme... c… @url	0	french
confirmation..les migrants s'agglutinent à irun dans des gymnases espagnols en attendant de passer en france par la… @url	0	french
un mélange flou entre qqun empli d’amour et de violence le paradoxe à son paroxysme l’art pas pour sa beauté mai… @url	0	french
@user la théorie du deep state terme que trump ne renie pas reprend bien des canons de l'antisémitisme c… @url	0	french
le secours catholique ardent promoteur de l'ensauvagement et de l'islamisation de l'europe ! son catholicisme dévo… @url	1	french
@user les ultra-religieux n'ont rien contre le viol! mais contre l'avortement!	1	french
quand un renois n'a pas le temps avec les imbécillités...	0	french
je peux pas m'empecher de penser que c'est la meme mecanique qu'avec le faux compte gauchiste et provocateur @url	0	french
@user @user @user j'ai vu flou	0	french
il encore des gens en 2018 qui lâche des sale arabe de merde dans la rue et qui trouve ça normal. l'ignorance nous tuera tous.	1	french
carai matheus eh mongol demais	0	french
les sud-coréennes ne veulent pas de migrants ! @url via @user	1	french
@user jpense il s’y est pas attardé bc ça aurait pas intéressé grand monde (jcoco très peu de gens qui se pose… @url	0	french
mdr cest les renois ça. toute les cérémonie avant le mariage se passe la maison @url	0	french
@user @user commando marine gauchiste c'est triste	0	french
novembre au hourdel le soleil s’attarde les phoques en profitent nous aussi ! @url	0	french
#bresil exemple de #fakenews #gauchiste : ces sont les amerindiens eux-memes qui tuent les nouveaux-nes en les en @url	0	french
@user @user c’est déjà mieux que l’islamisation le grand remplacement est inévitable alors autant fai… @url	0	french
« moi je suis un africain je vais te pliÉ » @url	0	french
bensebaini quel gros mongol il mérite un beau pied bouche. #srfcpsg	1	french
ton style de gars? — encr ? les renois et métisses @url	0	french
@user @user @user un gauchiste ... donc un genie	0	french
c'est marrant c'est toujours les ménopausées et les hommes contre l'avortement @url	0	french
@user @user j'en parlais avec mon fils en 3eme public ..il dit c'est surtout entre noirs et arabes… @url	0	french
@user @user ah y'a de tout dans ce monde. il nous faut des cucks ayant des qi 2 chiffres ma... @url	0	french
@user encore les méchants blancs oppresseurs qui n'ont que ce qu'ils méritent. le logiciel gauchiste est resté… @url	1	french
@user et le racisme des blancs envers les noirs et arabe tellement été gommé france que même individuellem… @url	0	french
excellente démonstration de @user mais ce monsieur joffrin vaut-il la peine que l'on s'attarde sur ses torc… @url	0	french
@user @user espérons néanmoinsil se ferait violence en prenant son argent qu'il pouvait réclamer par… @url	0	french
@user @user @user @user le vrai danger de l'islam c'est la gauche je peux te le garantir	0	french
@user nous sommes des arabes au maghreb el arabi même si la propagande occidentale de malheur bas son plein !… @url	0	french
du coup tu es contre l'avortement ? — non je suis pour @url	0	french
ce sont des migrants finlandais aveugle ! @url	1	french
@user si vous voulez mon avis le patient mike doit canaliser tout son amour sous forme de violence...	0	french
c’est bien une gauchiste	1	french
et ça ne dérange personne que l'on parque les migrants comme du bétail ???? @url	0	french
@user mdrrrrrr bah ouais m’a dit vous êtes énormément en licence street mais asquip y’a priorité aux rebeu et… @url	0	french
@user @user j’en ai prix au bled mais tu peut le trouver au marcher ou bien dans des épiceries arabe/renois	0	french
@user @user oui je ne comprends pas pourquoi ceux qui veulent accueillir les migrants n'en prennent pas… @url	0	french
voilà pourquoi le problème des noirs et des arabes en france il finira jamais est trop diviser wesh des que y’a… @url	0	french
naza mongol te po na banda ko seka seka kk boyer s…	0	french
@user @user @user je te parle par rapport à au protestantism tu dit que nous mélangions du polythéism… @url	0	french
@user non à la dictature de la pensée non au terrorisme intellectuel. oui à la liberté d'expression de conscience et d'opinion.	0	french
lui c le genre de mec qui finit au tribunal pour violence conjugale @url	0	french
@user @user @user les bonnes larmes de gauchiste	0	french
@user @user @user @user ils mangent pas de porc parce que quand il les tuaie... @url	0	french
@user @user maniaseries: «4 blocks» explore le monde brutal des clans mafieux arabes berlinois à la…… @url	0	french
.@user va débloquer 80 millions de dollars pour les #réfugiés et les communautés d’accueil au #niger	0	french
@user e r c	0	french
: [@user @user @user @user hossam mdrrr allez viens par ici vendeur de chameau renie nous pas enfin t’es un arabe frero	0	french
il fait pas attardé lui en ssg	0	french
tous les potes de clara ils m'appellent ton pote chinois mdr c ouf g pas l'impression de tant ressembler un noich que ca????	0	french
@user @user @user @user tellement facile et éculé ce terme de gauchiste asséné dès que… @url	0	french
@user . quand 16% de la population est musulmane le processus d'#islamisation est irréversible un poin… @url	0	french
@user j’suis le renois le plus gentil au monde..	0	french
@user pareilj’aime pas voir les gens malheureuxmême ceux que je connais pas vraimentje m’attarde toujours u… @url	0	french
@user vous croyez vraiment ou vous répétez n'importe quoi qui se dit sur le net ? ce site est complotiste antisémite et délirant !	0	french
@user pq y'a autant de rebeus qui tiennent avec l'ol ?	0	french
la banque mondiale va débloquer 80 millions de dollars pour les réfugiés et les communautés d’accueil au #niger.… @url	0	french
il est comment lui — plus beau que tout les rebeus @url	1	french
@user non des sale noirs et des sale arabe	1	french
vous aimer trop courir quand vous rigolez les renois @url	0	french
@user @user @user @user Ça sent le gauchiste vexé...fin de la discussion!	0	french
paris première mise en demeure pour des propos d'eric zemmour sur les migrants musulmans @url @url	0	french
hier j'ai repris les squats d'apres moi comment vous dire que la mes jambes sont en feu je marche comme une mongol	0	french
@user exactement xd comme tu es un ami précieux je m'attarde beaucoup sur ce genre de détails xd	0	french
@user @user @user tous ceux qui disent que les musulmans et l'islam c'est le terrorisme so… @url	0	french
@user islam= paix mtn je vais te refaire un speech car j’en avais déjà fait un: si y’a le *terrorisme* en fr… @url	0	french
@user @user @user @user whallah wallah tiens des rebeus de citée wesh sur le coran ...	0	french
ptdr il tout à fait raison mais dans les commentaires grave des meufs qui disent les renois mettez vous aussi… @url	0	french
@user @user l’antisémitisme de nos jours vient de l’extrême-gauche et de l’islam.	1	french
@user il va emmener quelques migrants avec lui ?	0	french
@user remarque la photo elle peut donner un putain de scénario de film : 4 renois et leur beurette à chicha	0	french
@user @user il serait capable de dire ça à ces pauvres réfugiés je pense oui	0	french
@user @user exemple tout bete	0	french
les réfugiés rohingyas prient dans le camp de réfugiés de kutupalong au bangladesh. @url	0	french
@user @user @user ouais mais si les arabes ont perdu la et pas ailleurs c'est aussi parce que nous… @url	0	french
@user la pauvreté n'est le collateral de la violence pas plus que la richesse. il faut chercher ailleurs	0	french
@user @user j'essaie de bien comprendre maintenant je sais que quand dit qu'on est antisioniste il… @url	0	french
@user les gens ont grandi s'attarde plus sur ces trivialites de changement d'heure les vrais les purs sont... @url	0	french
@user j'ai explose de rire c'etait parfait xd	0	french
@user @user fréquemment des arabes reconaissent que la france est belle et serait mieux sans les français !	1	french
@user ce mec est de la origine que toi et ti parle mdrr sale arabe	1	french
@user @user @user un #gauchiste « qui #pense » : il n'a que la réflexion viscérale.	0	french
@user et ds les campagnes ..ou macron met 72 migrants dans un village de 400 personnes...et ou vont aller l… @url	1	french
@user non le torchon national gauchiste marianne fait un article contre mechencon je revealleluia !	1	french
@user @user merci	0	french
@user une chrétienne ne vaut pas qu’on s’y attarde pour certains...	0	french
@user @user renz gangsta le plus beau de tt les rebeus	0	french
@user @user 2/2 le deuxieme essage s'attarde sur le fait que la spa accueil aussi des animaux plus atypiques. pas… @url	0	french
@user @user euh je ne suis vraiment pas attardé sur ‘’ belle fille’’ hein je demande si tu dé… @url	0	french
tout les jours negro c'est fridayyyyyyyy	0	french
marianne soubret des œillères! rien qu’à nantes 700 migrants évacués et à loger!	0	french
@user tu es sale comme juif...	1	french
@user c'est qui cet attardé	1	french
@user pcq encore une fois vise les renois non ça n’a pas lieu d’être c’est tt peut toi tu te mets dedans au… @url	0	french
@user le pire (déso pr les potes en prison^^) c'était la press' et la violence policière &gt;après&lt;. Ça d… @url	0	french
@user @user pour gagner du temps notons dès à présent que c'est le lobby juif qui contrôle à la fois :	1	french
@user je precise tout de suite que je ne suis pas un islamo-gauchiste et que je ne nie pas l'antisemitisme... @url	0	french
@user @user tu le presentes comme une moyenne mais dans un reseau trophique la place peut va... @url	0	french
@user les gens se sentent tous visés ! c’est une secte alors ? comme les blacks les arabes les instits...	0	french
libye: plus de 100 morts dans le naufrage de deux bateaux de migrants @url	0	french
@user @user merci pour cet échange. vous n'aimez pas les arabes dite le clairement. bonne journée.	0	french
@user remplacez « éducation nationale » par « islam » « pedophilie » par « terrorisme » et « professeur » p… @url	1	french
@user @user @user personne qu'elle qu'il soit ne doit imposer son regime alimentair... @url	0	french
@user l'ua ne sert à rien elle est financé par l'occident qui lui dicte sa conduite la crise des migrants l'ua… @url	0	french
@user @user @user @user tu crois vraiment y’a que 2 renois à daesh ? boko haram ?… @url	0	french
par contre c'est ca j'aime pas ils l'envoie en inde se faire avorter mais frère avortement ausis c'est haram ta peu… @url	0	french
eh les renois faut se réveiller la @url	0	french
#europe #france grèce: les transferts de réfugiés et migrants vers le continent s’accélèrent  @url	0	french
[série d'agressions avec violence : des faits de trop mais peu nombreux en corse] (@url via… @url	1	french
@user @user @user @user y’a pas plus détestée que vs dans le mondel islam la religion du terroris… @url	0	french
@user @user du coup pourquoi l'evolution fait qu'on des canines si est destine bouffer... @url	0	french
@user oui cela s'appelle la colonisation et l'islamisation d'une nation avec l'aval de nos gouvernements soumis à l'ue.	0	french
@user @user ce lieu est un symbole de la lutte contre le terrorisme pas contre l'islam qui n'a rien… @url	0	french
putain d'attardé	0	french
mdrr fallou mongol un vrai saï saï regardez le deal qu’il pose à l’animatrice... @url	1	french
@user c'est donc ca le secret de la beaute et du bonheur eternel	1	french
@user @user @user les violenté.e.s aimeraient donc la violence ?	0	french
l'islam n'est pas le terrorisme... je veux dire l'extrémisme et il existe dans toutes les re… @url	0	french
@user un jour t’avais dis t’aimes bien les renois sur twitter je m’en rapl très bien et puis même en vrai tu… @url	0	french
@user @user @user cette vue ou le regard s'attarde et dessine des caresses	0	french
mais ils ont grv la grisaille les renois laaaa tema matuidi @url	0	french
@user @user @user rien voir avec l'extreme droitefaut arreter la fumette gauchistetout le mond... @url	0	french
#immigration #islam quand les clans arabes font la loi en allemagne. tant de laxisme fait vomir. lire. @url	1	french
@user question: les vegan sont ils contre l'avortement ?	0	french
À genève hein.. tu crois qu’on est aussi debile que toi ici pauvre attardé que t’es. va falloir aller ramasser la s… @url	1	french
délit de solidarité pour cédric herrou dans son combat pour l'accueil et la protection des migrants africains dan… @url	0	french
quand j'étais au collège et que j'étais vraiment vraiment mal à cause du harcèlement que je subissais je confia… @url	0	french
loon-plage : la cycliste inventé son agression par des migrants. elle est simplement tombée de son vélo. @url	0	french
rt @user @user @user cassons la gueule au gauchiste faisons leur comprendre qu'en jouant avec nos vies ils	0	french
grèce. À thessalonique les migrants continuent d’arriver ! @url	0	french
@user @user ils veulent ça des bons petits rebeus de maison	0	french
@user quelle manoeuvre ! bon j'imaginais ça avec un peu plus de violence lol ça va c'est soft	0	french
@user mdrr bah non ah je sais pas trop je t'avoue que je m'attarde pas trop sur leur profil haha	0	french
@user non les parents n'étaient pas rebeus...	0	french
chez les arabes c meme pas la peine de poser la question @url	1	french
@user wauquiez est un gauchiste par rapport à nous	0	french
wesh la il parle du fait qu’il est féministe et il parle des droits de la femme c’est super mais pourquoi t’as com… @url	0	french
les renois sa mère ils payent jamais les taxis	1	french
#hdespros @user vient sur votre plateau comme tout gauchiste qui veut imposer son discours. ils font de… @url	1	french
@user @user un adepte du lieu commun gauchiste	0	french
sous la direction de genghis khan l’immense empire mongol utilisé un système postal avancé à travers l’empire. #uoim2	0	french
@user @user et non il n’y pas plus de crimes commis par des migrants que des français blancs. seulement moins… @url	0	french
@user ils sont aussi complotiste anti-vaccin ?	0	french
c'est bete de rt trop vite des informations provenant de la conosphere islamo-gauchiste.nnc'est revoltant de se rej @url	0	french
gare aux propos islamophobes les facho de gauche et de droite. l'islam est une belle religion de paix et de partag… @url	1	french
@user @user tu tiens ta cause perdue d'avance	0	french
@user @user l'argument c'est que les noirs et les arabes se revendiquent comme noir et arabes et le pigeon g… @url	0	french
le mec il est noir mais il dit quand même blackos allez mdr.	0	french
@user @user comme si les #migrants qui viennent de pays profondément homophobes allaient devenir gay friendly un jour !	0	french
@user tous mes profs utilisent le bon prénom et j'ai même changé de prénom au secrétariat de la fac	0	french
@user @user @user il n'y rien comprendre un gauchiste est un gauchiste. il peut raconter tout e... @url	0	french
@user par contre jparle couramment chinois et jpeux te dire que ching chong ça veut rien dire	0	french
ce qui tue c'est que meme offset il en marre de cardi b wallah apars sa reuss personne peut la supporte cette grosse mongol	1	french
d'après @user la police ferait mieux son travail s'il avait plus d'arabes et noirs parmi les policier… @url	1	french
nagui pro charia qui peut pas s'empecher de placer sa touche d'islamo gauchiste pro migrants zappe direct cette em @url	0	french
zemmour aphatie radicalité de l'un terrorisme intellectuel de l'autre ... une maladie: les idéologies une vic… @url	1	french
rt @user  le hashtag #pasdevague sonne enfin le glas de l'ideologie laxiste gauchiste qui predomine depuis des annees au sein de	1	french
l'afrique est sous-développé	0	french
@user ils ont fuit l’espagne ils se sont réfugiés en algérie mais quand les français sont arrivés ils so… @url	0	french
@user @user oui souvenons nous des massacres des camps de réfugiés de sabra et chatila commis par les phal… @url	0	french
@user personnellement dans la ville où j’habite j’ai plus de chance de mourir du sel que du terrorisme !… @url	0	french
@user ah ouais ils font cegrin les renois avec ca ici	0	french
@user je comprends pourquoi la plupart des gens disaient que j...etais arabe quand je streamais. nce genre d...emissio... @url	0	french
@user @user non non il n'y pas d'islamisation .... c'est un fantasme de l'extrême droite ....	0	french
@user @user citation du responsable de l'etude que tu n'as sans doute pas lu : c'est vrai qu'... @url	0	french
@user nouveau nom twitter ! mais dit adieu au beaux rebeus :(	0	french
#habs deux buts c'est bien beau mais quand s'attarde à la façon dont kotkaniemi travaillé hier et au contex… @url	0	french
@user @user aucun rapport sachant que les rebeus sont rois en la matière	0	french
@user @user donc qd traite quelqu'1 de sale arabe c pas normal mais qud un arabe traite qlq 1 de sale blanc c'est normal ?!	0	french
normalement en afrique nos dirigent doivent utiliser 50% de dictature et 50% de démocratie	0	french
j’aime trop la couleur que j’ai faite à mes cheveux j’ai l’impression qu’on s’attarde moins sur gueule ça rattrape le coup	0	french
@user @user tu plus fait pour la communauté musulmane rohyngia que tous les dirigeants arabes réunis… @url	0	french
par ailleurs donner des leçons de militantisme lgbti quand est dans un parti complotiste qui fricote avec l'ext… @url	0	french
y’a des renois c’est grave des bounty hein ils vont te sortir des « oui non l’afrique mérite ce qui lui arrive. l… @url	0	french
@user accueillir 58 migrants c'est sans fin ça appellera la venue d'autres migrants et vous le savez très… @url	0	french
ferme la gros mongol retourne tweeter de la merde @url	1	french
@user installé @user stp ! je n'le dirai jamais assez. c'est une appli' contre le cyber-harcèlement.	0	french
tous les jours negro c’est fridayyy	1	french
du coup petit tips pour les migrants qui vont se faire se faire expulser bouffer du nutella @url	0	french
muriel robin se confie sur son combat contre les violences conjugales devenu une évidence après avoir incarné jacq… @url	0	french
plus de terrasse plus de lumière...réfugiés dans le caveau dans un état de désarroi certain nous gardons malgré t… @url	0	french
pensez-vous que les rebeus et renois s’aiment réellement ?	0	french
est allé à la boutique nespresso ptdr le mec il demandé si achetait du café pr l’hôtel il vu deux renois… @url	0	french
les nouvelles yeezy elle pue sa grand mère c’est pour les renois pour les rebeus gile-fra suceur de bite et qui suivent la mode	1	french
@user @user rien à voir avec le terrorisme ou l'islam !! c'est un dingue qui fondu un cable !	0	french
@user @user @user oui est d’accord c’est les anti qui parle d’argent sale ou plutôt d’… @url	0	french
rt @user 'ching chong'' ca veut dire bonjour en chinois nan ?? @url	0	french
@user @user je reste sceptique sur les solutions très tranchées lorsqu’on ne s’attarde pas complèt… @url	0	french
@user calais les migrants viols et agresse même les habitants qui leur vienne en aide à cause de ça les habitants quitte calais	0	french
@user @user parler des médecins africains travaillant en france il était juste de signaler que parmi tous… @url	0	french
et je m’attarde sur des petits détails	0	french
@user @user @user @user @user bah évidemment que y'a des renois parmi les terror… @url	0	french
@user ces des enfants bordel ta 6 de qi c incroyable comment t’es attardé	0	french
@user @user je ne suis absolument pas contre l’avortement mais je suis surtout pour les contrace… @url	0	french
@user @user merci à vous deux je viens d'apprendre que je suis nationaliste antisémite complotiste… @url	0	french
@user vous êtes fatiguant donc dit fermer sa bouche grr le blackos en face lui normal porte tee shirt bande de faux dérch	0	french
@user enfin je dis ca c'est plutot de notoriété publique que je suis un turbo-gauchiste. mais même là ca re… @url	0	french
@user @user @user @user je suis une gauchiste libertaire et catholique pas tres orthodox... @url	0	french
asmar mraconte une histoire mparl comme une attarde e c tro ******	0	french
@user @user il est raciste mdrrr quel il veut parler des renois et il parle mal des femmes rebeu	1	french
@user bah nn mais des rebeux qu’ont une haine envers les renois yen bcp + que les renois jtrouve	1	french
@user @user @user c...est vous qui parlez de vue gauchiste avilissante. pas moi. vous associez cette... @url	0	french
antisémite complotiste et anti-trump… qui est l’auteur de la fusillade qui fait onze morts dan... @url	0	french
@user y'a aussi plein de pays africains qui ne sont pas en guerre pouvant les accueillir. avant que ce dé… @url	0	french
c'est peut-être un attardé mental ce type mais ce qu'il dit c'est à 200% vrai @url	0	french
@user @user @user @user si vous êtes cohérent avec vous même cela signifie que vous êtes contre l'avortement .	0	french
t'es un peu un gauchiste mais j'aime bien tes tweets et tes retweets — je ne sais pas quoi répondre @url	0	french
rt @user y'a une meuf dans classe elle se pleins du racisme envers les arabes mais taleur elle traiter un asiatique de ching cho	1	french
jsuis un sale arabe	0	french
il est attardé??? @url	0	french
@user marsault quand il va revenir j’attendrais un niveau de violence stratosphérique car ce gars un nive… @url	0	french
des villes solidaires #aveclesréfugiés	0	french
@user @user il serait peut être temps que je m’y attarde alors	0	french
@user @user @user @user @user bonjour je suis un gauchiste bobo et je reveille a... @url	0	french
l'idée qu'il existe 1 lobby juif un classique de l'extrême droite est désormais déclinée sous l'avatar du lobb… @url	0	french
mais ce que la vie fait le renois 1 ce sépara de ça chérie .. sad history	0	french
@user le tweet comme l'article ne s'attardent pas beaucoup sur ce que ça pourrait changer d'avoir un européen… @url	0	french
mdr les rebeus discrets les connais t’inquiètes @url	1	french
s'il fallait décrire ce que armée policière nazi étrangère implanté e centre prisons réfugiés et essaye secret hypn… @url	1	french
les maghrébines qui sont attirés par les renois elles sont comme les lgbt obligé de le revendiqué.	1	french
@user @user les végans sont-ils contre l'avortement ?	0	french
@user le sucré salé c’est degueu	0	french
@user j...avais grave besoin d...entendre ca merci mec !	0	french
@user un témoin de l'empreinte des presque trois cents ans d'existence cumulées de l'empire mongol et de la horde d'or.	0	french
rt @user la logique d'un gauchiste #npc #npcmeme @url	0	french
@user @user j'aime pas les rebeus	0	french
@user @user @user @user oui et alors ou est le probleme j'ai cite l'inde pa... @url	0	french
@user @user @user jte rassure jsuis blanche et aux states jme suis fait victimiser dans l...avion par un... @url	0	french
lmao yaura moins de rebeus que sur certaines lignes actuelles de la ratp @url	1	french
@user @user si tu considère que c'est la nature je pense que tu es contre l'avortement bien entendu ?	0	french
@user wow j'sais pas comment tu fais mais tu fais accelerer mon coeur distance arrete ca mec jme sens toute timide la ;v;	0	french
@user et les rebeus haineux des renois ça existe que tu le veuilles ou pas. jv pas nier ça pr toi	0	french
mais les renois américain ils ont autant de liens avec l'afrique que les blancs américains en ont avec l'europe.	0	french
sai ciume mongol	1	french
@user @user @user d'autant plus bizarre que flavius josèphe est resté juif jusqu'au bout des ongles.	0	french
@user @user @user ah d'accord je ne m'avais pas attardé sur le compte. je crois que moi simp… @url	0	french
@user je te jure genre je dis « bah nan j’aime tout » elle dit « nan je pense c’est les renois je te vois… @url	0	french
@user les propos de zemmour sont inadmissibles mais en parle des “sale français” des “je suis plus français que t… @url	0	french
@user @user il faut arrêter le discours stupide et humanotaro-gauchiste qui consiste à importer la gue… @url	1	french
@user c'est dans une vidéo apparemment c'est plus pour dire qu'il est spontané mais ça se voit que c'est un peu le mongol de la bande	1	french
@user @user quel dommage.malgré que @user juin 2017 violence conjugales auto déclarés mentionne q… @url	0	french
@user contre l’avortement c’est pire que contre la transexualité je trouve	1	french
@user la violence mdrr va falloir que tu censure tes tweets	0	french
#expulsion de #migrants vers leur pays d’origine : merkel satisfaite d‘elle après sa visite à #alger. qu‘on en juge… @url	0	french
@user je ne suis pas attardé sur ce point. pour résumer coût de la seule partie ferme du projet = 100m€ s… @url	0	french
les rebeus il glo à la fac grâce à la barbe	0	french
@user @user grosso modo les ouïghours sont un peuple turc (ou turco-mongol) et musulman. bien s… @url	0	french
est 4 se donne rdv à 14h y’en pas un qui est sorti de son lit il est 14h17 les renois	0	french
@user mais bordel je suis même pas contre l'avortement je respecte juste le droit de certains à pas vouloir l… @url	0	french
en écoutant cette chanson en entier se rend compte des influences arabes grâce aux sonorités utilisées en fond.… @url	0	french
@user dis toi j'essaie de faire un meme de moi même je suis un attardé	1	french
kevin il se bat avec tous les rebeus avec une moustache pr mieux froisser berka #verité	1	french
peut-être que ceux qui émettent les oukases non violents sont relativement protégés de la violence. mais il semble… @url	0	french
je suis un attardé mental je viens de réaliser que la toussaint s'appelait comme ça pcq c'est une célébration de tous les saints	0	french
@user sale payday juif arabophile retourne en cuisine !	1	french
@user @user l éducation gauchiste de l enfant roi ...	0	french
@user l’extrême droite est au pouvoir(«police coupe semelles enfants migrants ment sur âge pour expulser...»)… @url	1	french
@user @user Ça m'emballe pas des masses pas sur que je m'attarde dessus et pourtant je suis un fan de batou	0	french
splash sur les identitaires qui pensaient tomber sur un negro stupide vos mères @url	1	french
les rebeus avec des pp messi et death note ça parle de vous les puces @url	1	french
@user @user des fils de putes autant que quand aime pas les noirs ou les arabes	1	french
@user @user mdrrrr. t'es trop mignon	0	french
cette œuvre d'un #artiste #français pour les #réfugiés - une immense fresque sur la pelouse de la perle du lac à… @url	0	french
le parti danois qui veut expulser les “migrants musulmans qui abusent des aides sociales” se développe rapidement @url	0	french
plus de 60 villes ont déjà dit oui pour venir en aide aux réfugiés. et l… @url	0	french
pour parler de l'esclavage des arabo-musulman sur les noirs qui toujours exister aucun renois n'en parle hein … @url	0	french
@user @user @user Ça n'empêche pas de répondre proportionnellement aux violence qui nous sont faites.	0	french
il est possible de faire des mathématiques avec des chiffres arabes tandis qu'il en est pas autant facile avec les… @url	0	french
@user À toulouse oui dans la rue le commissariat et plus que d'entendre sale noir ou arabe...	0	french
@user laisse tomber c’est les tetes c’est des renois qui font n’importe quoi	0	french
lutter contre les violences faites aux femmes en en facilitant l’essor ...… @url	0	french
@user une bonne nouvelle pour les réfugiés et pour les droits humains	0	french
ce qui dégoute le+c'est que l'on nous emmerde avec les migrantsles demandeurs de papiers clandestins(qui vivent… @url	0	french
nous les renois tu nous dis juste un truc qu'il nous plait pas va te raconter toutes l'histoire de la france.	0	french
par contre les renois ou les métisses avec les taches de rousseurs ça fascine de fou @url	0	french
dans toutes les larmes s'attarde un espoir .	0	french
@user voilà ce qui arrive quand tu la propagande gauchiste tiermondiste et misérabiliste de ton côté tu… @url	0	french
soutenons les patriotes allemands qui comme nous luttent contre l'islamisation de nos pays et la destruction de not… @url	1	french
bref il est jamais trop tard pour tomber amoureux de moi à ce stade j’accepte tout le monde mais surtout les renois… @url	0	french
c quoi son style de mec aussi? — elle préfère les renois mais si blond aux yeux bleu oklm faut tu sois drôle auss… @url	0	french
@user ptdrr ta tous les renois de châtelet ils vont arriver en ball	0	french
@user mais du coup si t'es vegan mais que tu manges des produits non locaux (cafe bananes noix de... @url	0	french
nn ctoi qui va menvoyé — bah envoie dm jpeux pas savoir qui c'est mongol @url	0	french
@user @user @user @user @user parle d'un constat. c'est fait . essaie d'analyser… @url	0	french
@user mon prof utilisé ta photo pour mon cours de violence à l'école ptdr (petite victime) @url	0	french
— proverbe africain	0	french
france :jeudi prochain à la librairie résistances : « les naufragés. l’odyssée des migrants africains etienne du… @url	0	french
@user @user yes je le suis mais j’ai l’impression les noir d’afrique c’est que ceux de l’est ici	0	french
@user non je ne pense pas. Ça se voit dans beaucoup d'équipes. même lui ne s'est pas attardé sur la cél… @url	0	french
y’a vieux un mec à la gare qui m’a insulter de « sale arabe » sauf que je ne suis pas arabe du tout	0	french
@user @user il vient juste de te prouver qu'on est au sommet et t'as confirme gros patapouf	0	french
femme se fait agresser et insulter de sale arabe. confrontation avec la personne à la gendarmerie. le flic lui d… @url	0	french
@user s’est acharné sur les automobilistes (et donc sur les constructeurs) avec une rare violence. et e… @url	0	french
@user quand il n'est plus possible d'établir des liens de confiance avec les institutions la violence n'est p… @url	0	french
@user merci	0	french
où sont les rebeus de lyon	0	french
@user c’est un attardé la vérité tu te souviens en 2015 quand se fait sortir contre la juve le nombre d’occa… @url	1	french
ahahah il croit dur comme fer l'avion de ligne qui fait des pirouettes quel giga mongol @url	1	french
@user @user @user gauche anti religieuse en général ou extreme droite anti islam tout court (pou… @url	0	french
c'est bon j'ai serrer les renois comme sa vous m'avez saouler	0	french
@user @user @user @user @user @user c’est ouf comment les rebeus de qua… @url	0	french
@user @user @user @user @user fais toute tl je suis un vrai gauchiste 	0	french
va recommencer @user la traite arabe s'étale sur une période allant du vii ème siècle jusqu'en 1920. e… @url	0	french
@user @user @user ah oui ? et ca c...est quoi ? @url	0	french
@user votre inquiétude est légitime. en 40 ans les politicards ont défiguré notre pays. l'idéologie gauchiste… @url	0	french
@user @user recu donc sacrifie une espece pour ne pas les tuer et les manger . c'est pour c... @url	0	french
@user @user vous comprenez tout de travers. il n'appelle pas les africains à franciser leurs noms… @url	0	french
@user @user @user @user @user fort loin d'etre gauchiste je continuerai ne vous en de… @url	0	french
les tutos en français sur youtube c’est insupportable les 3/4 des vidéos c’est des mecs ils te parlent comme si t’étais un attardé	0	french
@user y’a pas que les arabes qui ont débattu	0	french
ah ouin t’es contre l’avortement sais-tu c’est quoi une vasectomie	1	french
@user mais soma gros mongol cinnamon c’est quoi?	0	french
@user encore une attitude de bobo gauchiste ..	1	french
islamo -gauchiste qui ne peut être élu que lorsque le communautarisme est majoritaire ! @url	1	french
sasuke est bête mais naruto est attardé donc sasuke @url	1	french
@user @user 2/2 de predateurs mangent aussi par gout renseigne toi le chat est l...exemple par... @url	0	french
@user @user @user soutenir la fachosphere qui plus est complotiste drôle de conception du libéralisme.	0	french
@user @user @user nonsense!	0	french
ferme ta geule connasse avec tes chansons rebeus si tu veux vivre comme ça etc rentre chez toi ici est en france #udpp	1	french
@user ne t'attarde pas là dessus!	0	french
@user y'a des renois mais pas tout les renois c'est différent pas tous la même mentalité et puis jvois pas il est ou le pb	0	french
appeler son enfant mohammed ne l aidera pas intégrer.. c est une forme de terrorisme intellectuel... @url	1	french
@user @user pourquoi des pays très riches comme l'arabie saoudite le qatar les Émirats arabes etc. ne le… @url	0	french
@user @user j’ai que ce screen sinon elle taillé les arabes plein de fois y’a rien d’ironique là dedans	0	french
@user c clair. ils veulent être rebeus ou renois pour réussir à pécho des meufs mais pour le reste ils s… @url	1	french
@user @user sachant que 85/90% des musulmans sont sunnites donc ouii il assimile l’islam au terrorisme	0	french
j’ai failli postuler dans un magasin de fringues mais le fait de penser à garde-robe de bobo-gauchiste non-bina… @url	1	french
je comprend pas pourquoi vous prenez les gens contre l'avortement pour des attardés à croire c'est un débat simple… @url	0	french
@user long comme le regard qui s'attarde sur ton corps	0	french
@user @user attali qui compare les juifs aux migrants. c'est une légitimisation de la violence contre les anti-immigration.	0	french
il faut refuser d'accueillir l'aquarius qui transporte sûrement de faux migrant… @url	1	french
@user un beau musée dans lequel le nom des bourreaux sera caché ! le seul terrorisme que nous connaissons porte un nom : l’islam	1	french
il faudra un jour s’interroger sur la violence que c’est pour les familles homoparentales de se voir jeter l’intérê… @url	0	french
@user @user @user Ça change quoi les chiffres hein ? trois mille migrants ou trois millions de migran… @url	0	french
je suis végétarien et voici ce que rencontre avec un éleveur mongol m'a fait réaliser sur l'écologie @url	0	french
mais ils ont quand même aimé une atmosphère qui garde son identité et la violence du dessin de ryp. :)	0	french
pq j’vois au states les renois il saute à l’eau avec des chaussettes et tout mdrr	0	french
cette violence est incroyable là? @url	0	french
@user jamais jsuis pas un gauchiste	0	french
@user @user ouaip c'est dur comprendre dans le 16eme paris intramuros quand les seuls vac... @url	0	french
Ça m’fume les renois quand ils rigolent ils sont obligés de tapé un 200m sprint @url	0	french
@user @user @user l'islam n'est pas le terrorisme....mes tous les terroristes pratiques l'islam.... attentats islam....	1	french
@user augmentation des violences proportionnelle à l'arrivée de migrants africains illégaux en france. paris e… @url	1	french
découvrez solidarité des femmes burundaises au #burundi. l'association se bat contre les #violencessexuelles de… @url	0	french
@user #stop aux complots #stop aux guerres des intÉrÊts economiques &amp; politiques #stop aux machiavÉlisme.… @url	0	french
rt @user @user @user @user @user je suis une gauchiste libertaire et catholique pas tres orthodoxe	1	french
@user @user comme ça tu pourra dire c cause des renois allez bsx	0	french
c'est mieux que je ne m'attarde plus sur certaines personnes en fait	0	french
@user merci theo aka brainless connu sous le pseudonyme du plus beau de tous les rebeus ..	0	french
aujourd’hui pour la première fois dans vie m’a traité de sale arabe dans la rue c’est partie en del	0	french
je suis un ignorant gauchiste de base niant la réalité historique	0	french
@user @user les animaux se tuent entre eux #jdcjdr	0	french
@user @user @user l'islam interdit le terrorisme de la manière la plus claire :	0	french
@user t'imagine pas comme tu viens de rendre mon debut de journee plus beau.. merci ^^	0	french
@user c bon tg tu force sale arabe	1	french
et le président iranien lors de son discours annuel à l’onu va se plaindre du danger du terrorisme au lieu d’êt… @url	0	french
@user l'avortement n'est pas forcément traumatisant non la grossesse forcée par contre... encore une fois… @url	0	french
@user @user y'a que les capitaines arabes qui ont voté pour salah	0	french
en israël les migrants africains se sentent victimes de « racisme » - @url @url	0	french
@user @user ceux là méritent même pas qu'on s'attarde dessus ..j'vais pas faire unanimité là dessus… @url	0	french
attardé du cœur	0	french
les arabes presque réussis à vous faire croire que dans le coca il de la cocaine et que israël faisait un complot avec cette boisson	1	french
@user @user tiens encore cette théorie du complot antisémite...	0	french
@user l’empire mongol et l’ordre des assassins	0	french
macron annonce la création d'un musée-mémorial pour les victimes du terrorisme @url via… @url	0	french
@user @user @user @user c'est ça le bif avec les renoistu dis la vérité c'est un problème	0	french
rt @user le parti de melenchon condamne la visite de 185 patrons francais en isralnla section rennaise du parti islamo-gauchiste l	1	french
@user bah s'ils disent qu'ils ne sont pas français ce sont donc des migrants ? il faut donc les expulser !	1	french
@user @user l'empire mongol	0	french
@user j'ai toujours été contre l'avortement c'est une question de conscience pour moi la vie c'est sacré ri… @url	0	french
@user nan nan abuse pas non plus je suis algÉrien et giga fier de l’Être. mais j’ai une préférence pour les renois.	0	french
@user corrente de mongol	0	french
paris : les familles de gendarmes virées d’une caserne pour faire place à 150 familles de migrants ! @url	0	french
plus bas tu dis que tu ne pourrais pas sortir avec autre qu’une rebeu et la d’un coup les indiennes et les renois ç… @url	0	french
@user @user vs n'comprenez ps si tu n'as ps envie d'en manger tant mieux pr toi ms laisse ls... @url	0	french
êtes vous pour ou contre l’avortement ?	0	french
bravo au réalisateur de #lejouroujaibrulemoncoeur qui inclut le #harcèlement #antisemite dans le film «  #sale #juif ». une réalité.	0	french
@user pendant 40 ans ânonné : l’immigration (africaine) une chance pour la france ! les résultats… @url	1	french
@user @user oh mon dieu non pas le bloquage supreme @url	0	french
@user @user Ça commençait pas trop mal et ça part en couille sur des délires complotiste anti… @url	0	french
ptdrr qu'est ce qui raconte cet attarde encore ? il parle de mon quartier comme si c'etait l'anarchie j'pleure  @url	0	french
quel frère (il écrit mieux rebeu que des rebeus) @url	0	french
@user @user et musulmans c est vaste terrorisme voile religion fiché assise sur l islam langue… @url	1	french
plus il s’attarde sur son doctorat moins il publie plus il se dirige vers les marges du système. mais sa product… @url	0	french
répondons légitimement à @user que l’esclavage commis par les arabes date de 860 pas de 1950 et que tout… @url	0	french
prenez moi pour cque vous voulez mais le délire des meufs rebeus en france c’est vraiment ce qu’il de plus dégo… @url	1	french
nouveau - berne : 1500 personnes à une marche contre l'avortement - #suisse #ivg #avortament #bern #ber... @url	0	french
@user @user mais de quelle transition tu parle ? que tout le monde devienne vegan ? pourquoi v... @url	0	french
@user comme quoi c'est bien un gauchiste de la pire espèce.	1	french
@user @user @user le tout marchand est donc une derive gauchiste?	0	french
c’est qui ozil — un mongol qui m’invente une vie @url	0	french
de châtelet à gare du nord tu croise que des renois/ tysmés en survêt + teinture blonde flm	0	french
@user @user @user j'avais déjà oublié que le gauchiste aime émotionnaliser le débat (triste pas triste bon pas bon)	0	french
@user j’avais bien fait de l’unfollow quand je voyais ces tweets bizarres sur les arabes mais à ce moment là… @url	0	french
@user vue comment il parle mal c'est sur	0	french
@user et présente ça aux médecins gynécologues qui sont contre l’avortement avec comme slogan « tu veux p… @url	0	french
en 2018 il encore des gens qui manifestent contre le droit à l'avortement en suisse (et partout ailleurs d'ail… @url	0	french
@user vivement qu’on s’attarde aux pratiquants de water-polo et de twirling bâton. ce sont deux passions bie… @url	0	french
@user si faisait des généralités comme ça sur les renois ça serait appellé de la discrimination et tu le… @url	0	french
en france demande aux réfugiés de guerreaux exilés du genocide rwandais de « franciser » leurs noms et prénoms… @url	0	french
mdr les renois qui disent rien à 69 honte à vous	0	french
@user les rebeus tu baises leurs frangines ils sont déboussolés	1	french
@user @user @user @user j’ai absolument pas lu ce que t’a dis et jvais perdre du temps pour un d… @url	0	french
putain mais quel mongol @url	1	french
@user j’vous soutient grv franchement force vous parle des rebeus et arabes mais en soit vous etes les… @url	0	french
@user @user c’est jouer acec les mots. l’histoire coloniale française fait de nous des arabes e… @url	0	french
et bien la clause de conscience des médecins notamment contre l’avortement c’est le droit de veto de louis xvi. i… @url	0	french
@user comm tardif mais des dimanches qui s'affichent ainsi méritent qu'on s'y attarde. très belle photo !	0	french
@user joyeux 35ème anniversaire à mon gauchiste préféré ^^!	0	french
l'invasion que nous subissons celle des touristes  cet homme est historien gauchiste  @url	0	french
@user @user ah le gauchiste... l'amour du débat l'honnêteté intellectuelle! :) @url	0	french
constat simple : l’europe est livrée à l’invasion à l’occupation à l’islamisation au grand remplacement. mot d’o… @url	0	french
@user ta reponse est ici =i&gt; écrivaine et blogeuse engagée. dans libérées - le combat féministe se gagne… @url	0	french
@user @user non psychophobe c'est quand stigmatise les maladies mentales : dire qu'untel est attard… @url	0	french
@user @user je te retourne le conseil sur la véracité des infos je ne doute de la violence d'aucu… @url	0	french
#guatemala : les partisans de l’élargissement de l’ #avortement ont dû se résoudre à retirer l’article d’une propos… @url	0	french
@user @user c'est bien connu	0	french
paris: un centre d'hébergements pour réfugiés ouvre dans le 16e @url via @user… @url	0	french
Ça l’air sympa de pas être une sale arabe @url	0	french
@user j’aimerais que l’on s’attarde sur ta tête qui est juste sublime	0	french
@user @user rennes ....ville gauchiste depuis 1977 sans interruption	0	french
@user omg j'etais pas pret pour celle la @url	0	french
entre vals et moix la france perd..... euh pas grand chose en fait. exile les réfugiés qu'on peut. @url	1	french
@user /o je sais pas. je comprends pas. j'en ai marre. va encore se reprendre toute cette violence dans la gueule. #lassitude	0	french
@user je conseille à francis vallat que chaque membre de son association accueille chez eux un migrant. on… @url	0	french
@user @user ps mais el acquiaissais tout ce qu'el disait el disait à la russe laisser tomber faut ps par… @url	0	french
@user @user quand j'etais gamin mon meilleur pote était juif. je ne l'ai su que lorsqu'un maghrébin l'a… @url	0	french
@user @user @user merci de confirmer mes dires	0	french
@user @user comment vous pouvez oser écrire ces choses la ? donc en gros les arabes en demandent tr… @url	0	french
@user @user mais cela n'excuse en rien les insultes ou le harcèlement	0	french
les quotidiens arabes en arabe soudanais mardi 25 septembre 2018 @url	0	french
les rebeus doux et civilisés jvs love	0	french
@user jsuis mort enft même si ya qlq cas isolés dans leur tete des que croises des rebeus dans la rue tu te fa… @url	0	french
@user waw jvai te défoncer jiji tu parles comme ça toi qui aime la violence jv te briser grosse pomme de terre va	1	french
@user et le vp est au ce depuis 1930 ; « ns avons commis la guerre » ; mais ne s’attarde pastrop sur le rôl… @url	0	french
@user c’est sale arabe tous les mêmes j’ai envie de les gifler	1	french
perso j'accueillerais bien 1 migrant pour chaque nick conrad à expulser.	1	french
@user toujours tu vas trop loin 	0	french
mbz à la tête des emirats arabes unis des moyens. mubadala son impressionnant fonds souverain et une pléthore… @url	0	french
l'europe n'est pas un menu à la carte lance macron aux pays qui refusent d'accueillir des migrants @url	1	french
@user pour ou contre l'avortement ?	0	french
les waves des renois phobie ça m’angoisse	1	french
pour l'ouverture du port de nice à l'aquarius et aux bateaux portant secours aux réfugiés	0	french
@user si des arabes te disent que nous sommes coupables c’est sûrement que nous nous sommes innencents	1	french
regarder ces attardé ptn est pas dans la merde pour 2019... @url	0	french
@user mais tout à fait ! tu vois à quel point mon coeur est grand même envers les réfugiés d'une peupla… @url	0	french
@user @user tu sais aussi pourquoi est au dessus ? parce que si veut demain bah ya plus d'ani... @url	0	french
@user ils te pensent seulement gauchiste et féministes? les pauvres	0	french
les marocains ils debate avec un mongol qui croit que lportugal c en amérique du nord jsp cmt vs pouvez tenir jlaur… @url	0	french
@user finalement je repasserais...quelle violence ce matin. tu n’as pas eu ton café ? @url	0	french
(charente libre): l'#italie adopte une loi pour expulser plus vite les migrants : le conseil des ministres italie… @url	0	french
@user @user @user @user ? quelle forme de violence ? je pose juste la question de savoir ce q… @url	0	french
allemagne : les clans arabes font la loi. la police avait décidé de ne pas réagir pour éviter de se faire traiter d… @url	1	french
@user @user t'aime bien le gout de la viande un carnivore c'est tout.	0	french
@user @user @user @user @user tombez les œillères! la violence touche aussi les père… @url	0	french
@user quand aura plus d’agneaux pour l’aid comment tu vas faire sale arabe barbu terroriste qui crie tt a… @url	1	french
@user @user @user la vraie histoire de l'invasion-islamisation des berbères par les arabes ? faut pas rêver...	0	french
@user @user je suis gauchiste et je reconnais pas du tout dans son nous les gauchistesnalle... @url	0	french
@user je déteste alain soral. c’est un raciste antisémite complotiste manipulateur	0	french
tripoli violence rises france wants sanctions militias | reuters @url	0	french
hier je parlais avec un intello-gauchiste qui m'a dit:nnfaut bien reconnaitre qu'une seule religion aujourd'hui p @url	0	french
@user @user une insulte appelle cela une insulte. dans sale blanc sale arabe sale noir… @url	0	french
@user nan à mon avis ta pas visité la map et ta pas chassé et tout. tu t'es plutôt attardé sur les missions pri… @url	0	french
@user @user @user @user oui je suis maman. et pas de violences chez moi. en aucun cas. la violenc… @url	0	french
@user @user @user @user lr est un parti gauchiste. la rencontre entre laurent wauquiez et angela merkel le prouve.	0	french
meilleur que thiago messi voila c'est terminenc'est un crack le meilleur attarde du siecle c'est bien lui il est @url	0	french
cette image est insoutenable!après cela comment être encore contre les réfugiés et les mesures prendre dans leur… @url	0	french
@user j'ai vu ta vidéo et je te conseille vivement d'installer l'appli' @user qui lutte contre le cyber-harcèlement.	0	french
@user @user d'ailleurs. si tu tiens vraiment la condition de vie des gens et si t'as de la p... @url	0	french
@user @user @user ouuuuin bb	0	french
@user par exemple tu veux aider la cause des rebeus mais tu tacles ton frère rebeu qui un avis différent… @url	0	french
alors que vous appréciez de délicieux #aliments des milliers d'enfants et de #réfugiés souffrent de la #faim et de… @url	0	french
pourquoi les gauchistes sont féministe et lgbt ou pro lgbt mais veulent acceuillir et intégrer l'islam dans toutes… @url	0	french
@user dekoi tu parle jte dis ta ps honte de dire half black lieu de half pakpak attardé	0	french
il est contre l’avortement fin qd g parler de certains trucs il m’a dit que d’accord il préférait avorter que un en… @url	0	french
la france un pr autiste - ou débile - ou camé. j'arrive plus à savoir. @url	0	french
question est simple que se passe t'il dans la tête de certains renois je regarde je comprends pas wesh j'exige d… @url	0	french
@user @user @user n'oublions pas que beaucoup de juifs se sont réfugiés au maghreb à cette… @url	0	french
@user Ça les attires pas les rebeus	1	french
@user @user @user @user tu prefere la violence libre à toi. nous préfère qu il fin… @url	0	french
À relire budget record | Évacuations en raison des pluies | moins de demandes mais plus de réfugiés @url	0	french
qui de deter aller au chinois ds la semaine la j...ai trop envie d...un noich	0	french
@user beaucoup de migrants viennent également de pays anglophones et autres. il y’a un déséquilibre entre les… @url	0	french
@user wa fik ben c'est assez simple pour les abrutis qui l'écoute rap=banlieue=immigrés=arabe/noir=islam=terr… @url	0	french
@user personnellement mon regard s'attarde de moins en moins sur ce genre de couverture. je pense que mon… @url	0	french
le renois trompent beaucoup les blancs trompent mieux. mdr waow keske j'raconte moi	1	french
@user @user lors de ces sommets rappeler que les africains et les indonésiens ne doivent plus ex… @url	0	french
entre les colis pieges fabriques par cesar sayoc l'ultra-droite peut critiquer l'electorat gauchiste democrate ame @url	0	french
ah oui et la presse française va continuer d'expliquer qu'un arabe criant allahu akbar en tuant un mécréant n'est… @url	1	french
rt @user @user @user @user @user @user bonjour je suis un gauchiste bobo et je reveille apre	1	french
faire un comparatif entre la #shoah des #juifs &amp; l'#invasion des #migrants qui sont pour la majorité #économique es… @url	1	french
meurtre d’une adolescente: «les médias canadiens préfèrent protéger les réfugiés»: @url via @user	0	french
pittsburgh : le poison de l’antisémitisme encore tué (pcf)	1	french
lignes quotidiennes par akram belkaïd: polémique autour des prénoms arabes rien de nouveau sous le soleil... (iht… @url	0	french
@user comme d'habitude !! pauvre petit bonhomme !!! il n'y pas d'élections en afrique ?? vous se… @url	0	french
rt @user quand voit le carnage de maduro le gauchiste prefere de melenchon ude4c @url	1	french
@user @user @user tu te rends compte? des soldats en couche qui giflent tous les pays arabes voisins. respect !	1	french
@user les manifestants d’ #idleb et d’ #alep sont le symbole du courage de la résistance et de la résili… @url	0	french
@user je la connaissais déjà un peu avant mais je m'y étais pas attardé et la vidéo de lol m'a giga hype	0	french
@user je ne comprends pas c'est horrible. un si gentil chien. j'en ai marre de la violence humaine. devrait le tuer le gas.	0	french
@user @user je suis actuellement en amerique je suis en high school et depuis le debut de l...an... @url	0	french
@user j...ai bien une petite idee mais va traiter de gauchiste...	0	french
@user @user « dénier » à ces migrants « le bénéfice du droit d’asile au motif qu’ils seraient… @url	0	french
#assises du gard # l’avocat de la famille de la victime souligne l’extrême violence de l’agression. nonagénaire fr… @url	0	french
typique des renois mdrr quand ça perd la battle ça crie au scandale ! bouge de là @url	0	french
@user les sunnites autorisent meurtrespédophiliepolygamie violence contre les femmes etc.tous les pays… @url	1	french
intelligence d'un ado attardé !!! @url	0	french
@user je suis origine purement berbèreje retrouve avec un nom et prénom purement arabes! Ça veut tout dire en marre .	0	french
rt @user @user @user mdrrrr. t'es trop mignon	0	french
@user @user @user @user lol la bonne vielle tactique gauchiste! répondre par une questi… @url	0	french
@user @user envie de pleurer (vraiment)ntu refait soiree nlove	0	french
@user ... le terrorisme est un mode opératoire un procédé technique qui ne porte en soi aucune idéologie. mai… @url	0	french
quel est le mongol qui fait cela? pas de signature... @url	1	french
@user @user @user pourquoi semi ? n...est jamais trop aide parait-il.	0	french
wouah il vient de m’arriver un truc de fou là je rentrais chez moi quand devant moi deux renois menacent au tase… @url	0	french
@user les juifs americains sont pour trump ils sont consternés que les médias taisent la haine contre l… @url	0	french
@user cette technique est reservée que aux parents rebeus	0	french
@user bobo islamo gauchiste féministe à maniere au moins tu l'avoues tu es une bonne pédale bien pensante quoi ^^	0	french
~ne t'attarde pas sur les dtails au risques de rater ce qui est devant toi~	0	french
non non disent les pauvres bobos gauchistes déjà soumis à l'islam...	1	french
@user je suis pas assez attardé sur son album j’irai réécouter	0	french
@user @user je crains que ce soit sa peur d'être étiqueté facho. pourtant il est déjà considér… @url	0	french
quel ramassis d’attardé @url	0	french
@user @user @user pas le temps ! le gouvernement est déjà assez occupé comme ça avec les migrants islamo-africains !	0	french
puis le film s’appelle « bohemian rhapsody » mais le film s’attarde très peu sur la conception de ce chef d’œuvre musical	0	french
@user @user @user je demande aussi	0	french
je suis gauchiste jusque dans la masturbation	0	french
@user je l’écoute ce soir le sien j’me suis attardé sur celui de takeoff et celui de metro en collab avec 21savage et travis scott	0	french
#lfauit @user doit voir le #mongol	1	french
@user @user @user il en va de l’accueil des migrants comme de la cultureles 2 nécessitent… @url	0	french
@user @user @user m'a traitée de sale arabe. de sale blanche aussi.alors je sais pas où e… @url	0	french
@user @user il des millions de morts de la famine chaque annee mais tu veux laisser pourri... @url	0	french
@user trop negro nous aussi n'est content de retrouver. merci le parolier	0	french
@user 1 mongol	0	french
l’ua “effarée” par les propos de salvini à propos des migrants africains en europe @url @url	0	french
@user @user mairie socialope islamo-gauchiste traitre à la france pour résumer	0	french
@user tu nous ramène une maladie de jérusalem?]	1	french
@user @user vous avez si mal ? si il préfère les renois c'est ses goûts pourquoi direct mal parler ?	0	french
@user @user c est le resultat de l ideologie gauchistequi au nom de l'egalite des chances veut g... @url	0	french
@user pourquoi tant de migrants africains en europe alors si est tous des vilains racistes nous autres… @url	0	french
quand voit le carnage de maduro le gauchiste prefere de melenchon ude4c @url	0	french
#pmasanspère : au nom du désir tout puissant des adultes sur les enfants permet cette violence sur leur identité profonde.	0	french
les arabes vont dire c’est l’oeil des gens @url	1	french
du coup si les asiat et les rebeu physiquement ne m'attirent pas trop je suis aussi raciste des asiat et des rebeu… @url	0	french
@user @user tg fdp sale chien sale juif gaz encetr	1	french
@user @user dit l...attarde en question que dieu te pardonne cher ami que dieu te pardonne	0	french
@user @user @user c'est dingue ce terrorisme intellectuel! vous avez le même prénom certes mais… @url	0	french
@user ouais askip tu aurait sorti sale juif selon les dires de zeuby	0	french
@user @user peut-être que certaines personne ne supportes plus que l'on s'attarde sur se genre de… @url	0	french
plus les enfants réfugiés sont diplômés plus ils développent :	0	french
@user oui j'imagine... courage udc99 nil m'a pas directement envoye la photo j'ai eu cette chance	0	french
@user je sais pas trop si c'est du troll mais j'espère parce que halloween = satan ça fait vraiment attardé religieux	0	french
Ça enlevez ça localisation pour allez voir renois1 et pcq elle ce localise avec renois 2 vu que y’a pas trop de con… @url	1	french
moi je trouve que yann moix n’a pas dérapé sur la question de la violence policière. biensur que yena et ok faut pa… @url	0	french
@user peut-être un gauchiste ? @url	0	french
quand wauqiuez fait presque passer phillipe pour un gauchiste le droit d'être dépité ? #lemissionpolitique	0	french
cette vidéo traumatisante du rituel de coalition mr-nva été censurée de facebook pour « violence extrême » survi… @url	0	french
et aller une putain de laryngite comme aime à tousser comme une grosse debile et plus avoir de voix et être sous antibio	0	french
que tu sois pour ou contre l’avortement c’est le droit de chacun mais ne doit pas mêler ses convictions personne… @url	0	french
les renois ils ont des gènes de titans wsh ils poussent 3 jours ils sont stock	1	french
@user tu ete plus que respectueux les autres beaucoup moins !	0	french
@user ce sont les mêmes qui font la morale contre l'avortement....	1	french
@user @user je trouve ça dommage après selon moi les renois pas arrêter de le dire c’est l… @url	0	french
@user @user vous croyez que macron aime les arabes? mdr	0	french
@user en fait quand s'attarde un peu sur les tweets de ce compte...	0	french
je suis tellement contente que smythe davis ait sortit la mongol dorjsuren alors que là aussi elle est pas aidée pa… @url	0	french
@user @user pck il tape tjr des actions de renois griezmann	1	french
@user @user @user ecoute moi j'ai obtenu le titre très prisé de bobo islamo gauchiste donc bon	0	french
@user ta apporté quoi toi part ta sale geule d’arabe et ta grand mère	1	french
@user @user etre au sommet de la chaine alimentaire = torturer des animaux pour mon plaisir ?	0	french
vs vs rendez compt que la jrisk de sauter pcq jecrii com une mongol jui deg :((	0	french
ensuite j’vais parler de pnl oula alors eux faut pas que jm’attarde trop sur eux pcq y’a beaucoup à dire. encore un… @url	0	french
@user faut arreter mlp c'est qu'une gauchiste !	0	french
@user et deux autres choses : aucune interaction avec les féministes alors que c’est la base du mouvement et le… @url	0	french
déjà les renois c’est sûr ils vont dire jesus christ @url	0	french
@user @user @user techniquement est au sommet de notre chaine alimentaire puisqu... @url	0	french
@user est pour ou contre l’avortement mais	0	french
@user y’a des rebeus hein ?	0	french
@user la violence ne peut pas être la norme. la force nécessaire l'est quand les interventions la requièr… @url	0	french
enft j’me ss attardé sur aucun son que gangster le reste j’ai écouté une fois	0	french
@user @user les rothschild sont dans la grande finance et rothschild = juif dans l’inconscient collecti… @url	0	french
@user @user @user et que dis-tu de : qualifier de violence les dégradations ou les sabotage… @url	0	french
non ce message n'a rien de subliminale ..... il est dans la continuité du terrorisme intellectuel il faut le métis… @url	0	french
mdrr après c’est les renois qui parlent que de sexe #lrt	0	french
pas de droit à l'avortement en belgique? ils sont par contre en avance sur la fin de vie #parjupiter	0	french
avec tout ce qui s'est passé trump continue d'alimenter une théorie du complot antisémite... un pays en perdition.… @url	1	french
ilham aliyev reçoit son homologue mongol - photos @url	1	french
comment sortir du débat des « pour ou contre » l’avortement pour entrer dans un dialogue d’écoute d’amour et de co… @url	0	french
pfff c'est dingue le nombre de meuf blanche qui se font fourrer par des renois qui font du foot. vazi c'est quoi vo… @url	0	french
nan mais attends il va pas trouver raciste non plus si campion l'appelle le jaune ou ching chong ou fu man shu @url	1	french
@user j’capte pas pk s’attarde autant dessus c’est ouf comment c’est vide. remarque valable pour son frère aussi.	0	french
le problème des migrants c'est comme un moustique sur un testicule la violence ne sert à rien...	1	french
@user @user ce serais bien d'eviter de parler et d'argumenter autour de chose que tu ne maitri... @url	0	french
@user lui c’est un sale arabe ..	0	french
@user c'est du jargon gauchiste tellement galvaude que s'en est devenu un running gag.	0	french
@user @user un bon écologiste bobo gauchiste. il joue au milliardaire avec l'argent provenant de l'escroquerie de nos impôts.	0	french
les #migrants traversent la mer et trouvent les aides sociales	0	french
@user de meklat à badroudine : quand les #inrocks soutiennent l'antisémitisme islamiste gauchiste et bien-pen… @url	0	french
@user @user comme je suis pas à jour sur op je suis pas trop attardé dessus en détail mais ou sinon c'e… @url	0	french
réponse type de gauchiste sur le scandale #nickconrad : je condamne mais...	1	french
@user @user l'homme est faible physiquement par rapport l'elephant mais infiniment plus intelligent.	0	french
voilà qui démontre bien l'hypocrisie de la gauche... pas plus haineux et violent qu'un gauchiste extrémiste! @url	0	french
@user @user je l'ai dis et repete force je deviens mechant ouais. ahahahahahahahahaha priver de lib... @url	0	french
des #migrants clandestins armés s'affrontent devant la fac d'éco-gestion à #marseille. les expulser est une urgence… @url	0	french
en corse avec rachid.. ce soir il traité de sale arabe en direct à la télé. ..ahahah. .rachid... @url	1	french
@user mais meme rebeus oran je chiale meuf	0	french
@user @user @user @user @user et la société complète cautionne la violence de l'au… @url	0	french
elle fait le point.nregarde ou elle en estns'attarde sur les virgulesnouvre des parenthesesnle trema de naeve se ch @url	0	french
@user salut les islamotrump ! demande juste nous les gauchiste que vous gardiez votre foi pour vous.... @url	1	french
@user ah ? jsp j'ai bloque direct cmb ?	1	french
@user @user @user je suis moi même blanc et toute vie j ai traîné avec des renois même si je… @url	0	french
@user j'ai mon premier rendez-vous pour les hormones vendredi prochain	0	french
invité afrique - algérie: «les migrants sont beaucoup plus vulnérables maintenant» pour leïla berrato @url	1	french
menard la gauchiste crache sur le cadavre encore chaud de faurisson. @url	0	french
@user @user @user faux. les gens non-exposés à la violence prêche la non-violence puisqu'ils… @url	0	french
added video @user playlist @url  l' opposition ne dispose d'aucun programme et s'attarde sur des faux	0	french
plus de 60 villes  ont déjà dit oui pour venir en aide aux réfugiés. et la vôtre ? …	0	french
est-ce qu’une catho intégriste qui milite le dimanche contre le droit à l’avortement peut se dire féministe??	0	french
contre l'avortement soutenons le docteur bertrand de rochambeau @url	0	french
@user le rapport avec le terrorisme c'est l'argument de la vision biaisée de l'islam dont tu parles. d'ailleurs… @url	0	french
@user @user que feraient les politologues juifs s'il n'y avait pas eu les nazis?	0	french
les renois déjà je vous aime trop ensuite jsp c’est vraiment au feeling @url	0	french
nous les noirs les rebeus veut tous les éradiq… @url	1	french
Évidemment un bon gauchiste ça faydeuxtweets et après ça n’a plus d’arguments sinon il se contredit lui même... … @url	1	french
seigneur j'apprends qu'une giga pute de mon ancien lycée gueulé contre l'avortement.	1	french
@user quand vous prendrez vos sources ailleurs que sur un site complotiste et antisémite et que vous cessere… @url	0	french
mon objectif c de mettre les rebeus à la mode au japon. et je réussi plutôt bien lol	0	french
pas sûr je suis même persuadée que #zemmour... c'est la pensée dominante des français hors gauchistes bien sûr c… @url	0	french
look de coctktail en blanco negro @url	0	french
@user merci	0	french
wesh le cameraman il cssse les couilles filmé le gros porc de rebeus hagrid qui remplace simeone #asmatl	1	french
#macron menacé d'expulser les migrants mais cela ne se produit pas! pourquoi? parce qu'il est faible et il ne pe… @url	0	french
@user si t’es féministe tu défends chacun des droits de la femme même celui de rester à la maison s’occuper des… @url	0	french
rappel: l’année dernièretrump avait suggéré que les juifs pourraient commettre des crimes de haine antisémites e… @url	1	french
@user quand fait du choc des civilisations la base de la lutte contre le terrorisme revigore l'at… @url	0	french
@user peut-on imposer son (4x4 qui pue | caractère pourri | imbécilité | violence | chat | incontinence | a… @url	0	french
tout est noir quand mes negro refusent de rentrer dormir #ceweekendilsvonttropabuser	1	french
mouvement végane : mouvement pacifique voir militantiste qui prône un monde où tous les animaux et tous les humain… @url	0	french
@user salutations est-ce qu'un vegan est contre l'avortement ? logiquement oui vu qu'on tue un être vivant non ?	0	french
@user @user @user merci de fr passer les arabes pr des haineux	0	french
@user @user @user gné? agrandir l'interface pour s'adapter à un écran beaucoup plus petit ç… @url	0	french
@user décidément n'importe quel attardé peut de nos jours détenir la carte professionnelle. revoyez le con… @url	0	french
@user la propagande gauchiste americaine n'a aucune limite comme en france.n#bfmtv	0	french
@user @user @user @user @user vous etes pourtant toujours gauchiste malgre vous me... @url	0	french
mdrr le mec parle des bites de noirs ça se voit il connaît pas les teubs des rebeus — bon ça est mdrrrr stop @url	1	french
@user gros tu vas pas t’y mettre aussi? y’a des renois qui vous demandent de ne pas dire nigga dites pas nigga… @url	1	french
paris première mise en demeure pour des propos d'Éric zemmour sur les migrants musulmans @url via @user	0	french
: [@user @user @user quand vous accusez bts d’harcèlement s*xuellec pas grave mais quand ramène l… @url	0	french
#harcèlement sociale. piratage informatique. vandalisme auto	0	french
@user @user en même temps ça vient du gars de vegan celui qui tient plusieurs sites et pages antive… @url	0	french
@user @user je crois que le droit c'est ecris noir sur blanc sur les article de lois	0	french
doudoune et ugg vraiment les renois abusent #jaimelestylehivermaispaslefroid #jsuisunevraigwada	0	french
@user il faut croire que ces ong sont soutenues par le gouvernement qui favorise l'immigration massive et l'islamisation du pays	0	french
qu'on mette les chose au clair. non je ne suis pas con attardé débile ou je ne sais quoi. j'ai un niveau de cultu… @url	0	french
@user ouais clairement et surtout que ca sera que scientifique	0	french
@user @user @user mon dieu ! ca doit etre formidable d'avoir un cerveau de gauchistes..... @url	0	french
@user @user @user plein d'animaux seront en voie d...extinction donc dit merci qui merci mussoli et aux fermier	0	french
«la montée des populismes s’explique par cette peur des migrants clandestins» @url	1	french
encore une gauchiste déconnectée ...	0	french
@user @user la france l’europe une bonne partie du monde arabe et du monde tout court considère le h… @url	0	french
@user j’aurais aimé le voir se fr lyncher pr de vrai les arabes et les noirs ca comptes pr du beurres mais… @url	1	french
absolument ! il faut l'arraisonner en mer par la marine nationale arrêter tous les occupants expulser les migrant… @url	1	french
euthanasie avortement peine de mort #pma #gpa la société contre la vie bat son plein et le diable vous embra… @url	0	french
@user quand je suis parti 4 mois en afrique cette année je suis rentré et chienne était toute heureuse donc t’en fais pas	0	french
@user @user @user c'est pas les migrants qui viennent piquer le travail des français c'est les t… @url	0	french
@user @user @user il 15% d’arabes israéliens en israel. ils votent et ont des élus : +10% de… @url	0	french
@user c'un attardé j'suis mort il est tellement fier	1	french
@user sjw et féministe twitter un sale combo	0	french
@user @user @user toutes les femmes catholiques sont contre l'avortement.	0	french
« les petites blanches » ptdr s’ils savaient que dans le lot y’a des giga arabes et renois encore plus fan @url	0	french
y'a plus de renois sur le terrain que dans tous les pays d'afrique subsaharienne réunis #olom	0	french
mdrrrr saint denis c’est vraiment l’afrique ko	0	french
@user en fait en tant qu'agent de securite la loi nous interdit de palper sur une personne du meme sexe (... @url	0	french
@user seul les vrais hommes passe au dessus du fan service et s'attarde plutôt sur l'oeuvre et le message… @url	0	french
@user c'est un acte antisémite mais le mot n'est pas facile à prononcer car l'auteur n'est ni noir ni arab… @url	1	french
@user si tu considères que sale noire / sale juif ce n’est pas raciste non plus alors je ne peux rien faire pour toi	0	french
allemagne : les clans arabes font la loi....	1	french
@user @user non non. complotiste anti-etat-qui-raquette-les-automobilistes-qui-bossent-eux	0	french
imaginez seulement si ses enfants préfèrent sortir avec des renois reubeu ou asiat @url	1	french
et grave que mes potes rebeus et blacks se faisaient régulièrement contrôler jusqu’à leurs… @url	0	french
@user mddrrrrr trop de violence	0	french
@user bouahahhaa il se branle sur les cosplay de sneaky cet attardé	0	french
cyber-harcèlement: un jeune homme de 25 ans reconnu coupable de viol à distance @url via @user	0	french
ptdrr mais vous êtes attardé c’est pas possible autrement hein @url	0	french
@user faux nul zéro la majorité ne sont pas arabes	0	french
cousine c’est une blanche et elle sort qu’avec des rebeus/renois + elle change de mecs tous les mois je la compr… @url	0	french
en france les coiffeurs rebeus ils passent du rai... ici ils mettent du kaaris en mode le 93 leur manque c'est beau	0	french
@user la france est un pays multiculturelle observe la langue française elle intègre des mots arabes utilisés… @url	0	french
